metric,weight,error,next_lower,next_upper,pct_diff,search_suggestion
downweight,0,0.048917748917748916,0,0.25,1.7952434881087203,not final
downweight,0,0.048917748917748916,0,0.25,1.7952434881087203,not final
downweight,0,0.048917748917748916,0,0.0625,1.7867924528301886,not final
downweight,0,0.048917748917748916,0,0.015625,1.7705583756345178,not final
downweight,0,0.048917748917748916,0,0.00390625,1.7329394387001478,not final
downweight,0,0.048917748917748916,0,9.765625e-4,1.646875,not final
downweight,2.44140625e-4,0.026839826839826775,0,4.8828125e-4,1.6103692065985868,not final
downweight,1.220703125e-4,0.021861471861471915,0,2.44140625e-4,1.3784615384615366,not final
