metric,weight,error,next_lower,next_upper,pct_diff,search_suggestion
downweight,0,0.048917748917748916,0,0.25,1.7952434881087203,not final
downweight,0,0.048917748917748916,0,0.25,1.7952434881087203,not final
downweight,0,0.048917748917748916,0,0.0625,1.7867924528301886,not final
downweight,0,0.048917748917748916,0,0.015625,1.7705583756345178,not final
